{"hello":"test","musicVolume":0.479999989271164,"soundfxVolume":0.25999999046325686}