{"hello":"test","musicVolume":0.07000000029802323,"soundfxVolume":0.36000001430511477}